Project_Key,year_quarter,n_resolved,n_with_sprint_id,pct_with_sprint_id,n_status_events_total,avg_status_events_per_issue
MDL,2014-Q4,2853,99.0,0.0347,10022.0,3.51
JRASERVER,2018-Q1,2827,11.0,0.0039,9633.0,3.41
TIMOB,2011-Q2,2774,0.0,0.0,7148.0,2.58
MDL,2012-Q1,2510,0.0,0.0,6951.0,2.77
JRASERVER,2015-Q2,2232,3.0,0.0013,8951.0,4.01
MDL,2013-Q2,2003,25.0,0.0125,7798.0,3.89
MDL,2014-Q1,1979,238.0,0.1203,7949.0,4.02
CONFSERVER,2014-Q2,1948,76.0,0.039,5461.0,2.8
SERVER,2020-Q1,1909,0.0,0.0,9289.0,4.87
SERVER,2020-Q2,1870,0.0,0.0,9051.0,4.84
EVG,2018-Q3,1860,0.0,0.0,2775.0,1.49
JRASERVER,2013-Q4,1819,0.0,0.0,8361.0,4.6
SERVER,2019-Q2,1758,0.0,0.0,8354.0,4.75
JRASERVER,2019-Q4,1738,0.0,0.0,3550.0,2.04
APSTUD,2011-Q2,1732,0.0,0.0,4289.0,2.48
SERVER,2020-Q3,1699,0.0,0.0,8361.0,4.92
APSTUD,2012-Q3,1656,0.0,0.0,4299.0,2.6
JRASERVER,2017-Q4,1631,17.0,0.0104,5321.0,3.26
SERVER,2019-Q4,1629,0.0,0.0,7476.0,4.59
CONFSERVER,2016-Q2,1608,8.0,0.005,6450.0,4.01
SERVER,2018-Q2,1598,0.0,0.0,4378.0,2.74
TIMOB,2017-Q2,1563,154.0,0.0985,2970.0,1.9
JRASERVER,2019-Q3,1557,0.0,0.0,4492.0,2.89
SERVER,2019-Q3,1532,0.0,0.0,7159.0,4.67
SERVER,2018-Q1,1527,0.0,0.0,4560.0,2.99
SERVER,2018-Q3,1523,0.0,0.0,4493.0,2.95
DM,2020-Q2,1521,481.0,0.3162,4415.0,2.9
DM,2019-Q2,1511,488.0,0.323,3917.0,2.59
CONFSERVER,2013-Q1,1502,22.0,0.0146,3868.0,2.58
SERVER,2019-Q1,1500,0.0,0.0,7003.0,4.67
MDL,2017-Q4,1439,4.0,0.0028,6231.0,4.33
INDY,2019-Q1,1436,900.0,0.6267,6284.0,4.38
CONFCLOUD,2019-Q4,1384,27.0,0.0195,5331.0,3.85
SERVER,2016-Q3,1366,0.0,0.0,5158.0,3.78
MDL,2012-Q3,1343,1.0,0.0007,7142.0,5.32
MDL,2012-Q4,1326,0.0,0.0,6304.0,4.75
SERVER,2015-Q3,1323,0.0,0.0,5210.0,3.94
MDL,2010-Q3,1322,0.0,0.0,3199.0,2.42
SERVER,2018-Q4,1321,0.0,0.0,5802.0,4.39
MDL,2012-Q2,1315,0.0,0.0,7025.0,5.34
DM,2019-Q4,1306,393.0,0.3009,3950.0,3.02
SERVER,2017-Q3,1305,0.0,0.0,4906.0,3.76
DM,2020-Q1,1285,337.0,0.2623,3705.0,2.88
CONFSERVER,2013-Q2,1283,48.0,0.0374,3733.0,2.91
MDL,2014-Q2,1263,113.0,0.0895,7485.0,5.93
BAM,2020-Q2,1252,3.0,0.0024,4625.0,3.69
CONFSERVER,2013-Q4,1250,136.0,0.1088,4033.0,3.23
MDL,2010-Q4,1245,0.0,0.0,2889.0,2.32
DM,2019-Q1,1227,539.0,0.4393,3377.0,2.75
CONFSERVER,2016-Q1,1210,4.0,0.0033,3159.0,2.61
DM,2019-Q3,1208,353.0,0.2922,3000.0,2.48
DM,2020-Q3,1194,438.0,0.3668,3780.0,3.17
FAB,2017-Q2,1182,389.0,0.3291,3654.0,3.09
FAB,2020-Q1,1168,137.0,0.1173,2818.0,2.41
JRASERVER,2009-Q3,1166,0.0,0.0,4154.0,3.56
TIMOB,2012-Q3,1164,38.0,0.0326,4179.0,3.59
CONFSERVER,2018-Q3,1161,20.0,0.0172,4682.0,4.03
MDL,2013-Q1,1156,2.0,0.0017,7296.0,6.31
FAB,2018-Q3,1152,124.0,0.1076,3893.0,3.38
SERVER,2015-Q4,1136,0.0,0.0,4186.0,3.68
SERVER,2017-Q2,1132,0.0,0.0,4071.0,3.6
SERVER,2016-Q2,1130,0.0,0.0,4118.0,3.64
MDL,2013-Q3,1125,248.0,0.2204,7715.0,6.86
SERVER,2016-Q1,1124,0.0,0.0,3987.0,3.55
MESOS,2018-Q4,1123,698.0,0.6215,8143.0,7.25
FAB,2019-Q3,1121,221.0,0.1971,3343.0,2.98
MDL,2013-Q4,1112,274.0,0.2464,7845.0,7.05
SERVER,2015-Q2,1109,0.0,0.0,4219.0,3.8
NEXUS,2012-Q3,1105,0.0,0.0,1655.0,1.5
CONFSERVER,2017-Q1,1103,14.0,0.0127,3700.0,3.35
SERVER,2014-Q1,1103,0.0,0.0,2990.0,2.71
FAB,2018-Q2,1102,250.0,0.2269,3752.0,3.4
CONFSERVER,2017-Q4,1101,14.0,0.0127,2928.0,2.66
MDL,2016-Q4,1095,2.0,0.0018,9040.0,8.26
SERVER,2017-Q4,1075,0.0,0.0,3910.0,3.64
MDL,2007-Q4,1059,0.0,0.0,2255.0,2.13
JRACLOUD,2019-Q3,1050,0.0,0.0,2645.0,2.52
MDL,2008-Q1,1045,0.0,0.0,2168.0,2.07
JRACLOUD,2019-Q4,1040,0.0,0.0,2808.0,2.7
SERVER,2013-Q4,1018,0.0,0.0,2567.0,2.52
SERVER,2015-Q1,1013,0.0,0.0,3540.0,3.49
DM,2017-Q1,1012,460.0,0.4545,2711.0,2.68
SERVER,2016-Q4,1009,0.0,0.0,3606.0,3.57
DM,2018-Q2,1002,344.0,0.3433,2548.0,2.54
SERVER,2014-Q4,997,0.0,0.0,3265.0,3.27
DM,2018-Q4,993,341.0,0.3434,2250.0,2.27
MDL,2011-Q3,985,0.0,0.0,4453.0,4.52
TIMOB,2012-Q1,980,0.0,0.0,4261.0,4.35
CONFSERVER,2014-Q3,979,87.0,0.0889,3068.0,3.13
CONFSERVER,2014-Q4,977,42.0,0.043,3013.0,3.08
FAB,2019-Q1,977,73.0,0.0747,3329.0,3.41
SERVER,2017-Q1,958,0.0,0.0,3320.0,3.47
CONFSERVER,2014-Q1,945,56.0,0.0593,3053.0,3.23
CONFSERVER,2013-Q3,944,53.0,0.0561,3002.0,3.18
DM,2017-Q2,938,409.0,0.436,2505.0,2.67
FAB,2018-Q4,918,77.0,0.0839,3214.0,3.5
FAB,2018-Q1,903,24.0,0.0266,2833.0,3.14
MDL,2011-Q4,899,0.0,0.0,4740.0,5.27
MDL,2008-Q3,885,0.0,0.0,1980.0,2.24
MDL,2015-Q1,882,27.0,0.0306,6189.0,7.02
MDL,2006-Q4,874,0.0,0.0,1929.0,2.21
JRASERVER,2013-Q2,871,0.0,0.0,3643.0,4.18
MDL,2018-Q2,860,29.0,0.0337,5939.0,6.91
DM,2016-Q3,855,352.0,0.4117,2211.0,2.59
MDL,2007-Q3,854,0.0,0.0,1821.0,2.13
JRASERVER,2013-Q3,850,0.0,0.0,3482.0,4.1
MDL,2014-Q3,848,164.0,0.1934,5360.0,6.32
DM,2018-Q3,846,307.0,0.3629,2046.0,2.42
DM,2016-Q1,836,308.0,0.3684,2009.0,2.4
MDL,2007-Q1,834,0.0,0.0,1768.0,2.12
TIMOB,2013-Q1,827,24.0,0.029,2957.0,3.58
DNN,2013-Q4,823,0.0,0.0,3272.0,3.98
MDL,2008-Q2,816,0.0,0.0,1834.0,2.25
MDL,2016-Q1,810,114.0,0.1407,6123.0,7.56
DM,2017-Q3,808,284.0,0.3515,2163.0,2.68
DM,2016-Q4,808,352.0,0.4356,2138.0,2.65
CONFSERVER,2012-Q3,804,64.0,0.0796,2143.0,2.67
DM,2017-Q4,803,275.0,0.3425,1981.0,2.47
SERVER,2014-Q3,803,0.0,0.0,2446.0,3.05
TIMOB,2012-Q2,800,6.0,0.0075,2991.0,3.74
CONFSERVER,2015-Q3,791,15.0,0.019,2617.0,3.31
SERVER,2013-Q1,781,0.0,0.0,2025.0,2.59
MDL,2015-Q4,780,66.0,0.0846,5747.0,7.37
TIMOB,2013-Q3,780,7.0,0.009,3167.0,4.06
MDL,2006-Q3,771,0.0,0.0,1517.0,1.97
MDL,2011-Q1,769,0.0,0.0,1751.0,2.28
JRASERVER,2015-Q3,764,1.0,0.0013,2982.0,3.9
APSTUD,2015-Q3,763,1.0,0.0013,1042.0,1.37
DNN,2013-Q3,763,0.0,0.0,3726.0,4.88
DNN,2015-Q4,762,0.0,0.0,2983.0,3.91
FAB,2019-Q2,761,108.0,0.1419,2686.0,3.53
MDL,2016-Q3,758,4.0,0.0053,5795.0,7.65
MDL,2016-Q2,752,11.0,0.0146,5779.0,7.68
CONFSERVER,2018-Q4,747,12.0,0.0161,2905.0,3.89
TIMOB,2011-Q4,739,0.0,0.0,2575.0,3.48
DM,2018-Q1,738,273.0,0.3699,1896.0,2.57
DNN,2016-Q4,737,0.0,0.0,1476.0,2.0
JRASERVER,2011-Q1,736,0.0,0.0,3515.0,4.78
JSWSERVER,2013-Q3,729,47.0,0.0645,2799.0,3.84
MDL,2010-Q2,728,0.0,0.0,1634.0,2.24
SERVER,2014-Q2,728,0.0,0.0,2223.0,3.05
EVG,2020-Q2,724,0.0,0.0,2865.0,3.96
FAB,2017-Q1,722,425.0,0.5886,2190.0,3.03
FAB,2017-Q4,710,40.0,0.0563,2202.0,3.1
MDL,2009-Q1,705,0.0,0.0,1587.0,2.25
MDL,2019-Q2,699,25.0,0.0358,5277.0,7.55
MDL,2008-Q4,696,0.0,0.0,1557.0,2.24
MULE,2016-Q2,691,190.0,0.275,1286.0,1.86
TIMOB,2013-Q2,688,3.0,0.0044,2657.0,3.86
DM,2016-Q2,683,341.0,0.4993,1793.0,2.63
JRASERVER,2014-Q1,683,0.0,0.0,2412.0,3.53
EVG,2020-Q3,673,0.0,0.0,2342.0,3.48
CONFSERVER,2019-Q3,668,28.0,0.0419,2224.0,3.33
JRASERVER,2013-Q1,668,0.0,0.0,3121.0,4.67
MDL,2018-Q4,665,93.0,0.1398,5253.0,7.9
MDL,2015-Q2,665,13.0,0.0195,4730.0,7.11
MDL,2007-Q2,661,0.0,0.0,1423.0,2.15
MDL,2017-Q2,660,12.0,0.0182,5085.0,7.7
CONFSERVER,2011-Q3,657,0.0,0.0,1723.0,2.62
TIMOB,2016-Q3,640,294.0,0.4594,2114.0,3.3
DM,2015-Q3,636,202.0,0.3176,1426.0,2.24
DNN,2015-Q3,636,0.0,0.0,2459.0,3.87
SERVER,2013-Q3,634,0.0,0.0,1601.0,2.53
MDL,2017-Q1,629,70.0,0.1113,4693.0,7.46
MDL,2020-Q2,628,94.0,0.1497,5761.0,9.17
JRASERVER,2006-Q3,626,0.0,0.0,1591.0,2.54
JSWCLOUD,2013-Q3,624,69.0,0.1106,2692.0,4.31
TIMOB,2012-Q4,620,70.0,0.1129,2542.0,4.1
CONFSERVER,2016-Q3,618,9.0,0.0146,2335.0,3.78
CONFSERVER,2012-Q1,614,0.0,0.0,1865.0,3.04
JRASERVER,2012-Q3,595,0.0,0.0,2869.0,4.82
BAM,2019-Q2,594,1.0,0.0017,2725.0,4.59
MULE,2017-Q2,594,383.0,0.6448,1438.0,2.42
SERVER,2012-Q4,591,0.0,0.0,1476.0,2.5
JRASERVER,2005-Q4,590,0.0,0.0,1738.0,2.95
JRASERVER,2010-Q2,586,0.0,0.0,2361.0,4.03
TIMOB,2013-Q4,574,12.0,0.0209,2489.0,4.34
DNN,2014-Q1,567,0.0,0.0,1886.0,3.33
MULE,2016-Q3,567,248.0,0.4374,1072.0,1.89
MDL,2020-Q3,564,59.0,0.1046,3981.0,7.06
SERVER,2012-Q3,564,0.0,0.0,1212.0,2.15
MULE,2017-Q1,562,275.0,0.4893,1521.0,2.71
FAB,2017-Q3,561,50.0,0.0891,1813.0,3.23
SERVER,2013-Q2,560,0.0,0.0,1433.0,2.56
MDL,2015-Q3,558,4.0,0.0072,4500.0,8.06
MULE,2018-Q4,558,399.0,0.7151,1243.0,2.23
BAM,2018-Q1,557,0.0,0.0,1517.0,2.72
EVG,2020-Q1,557,0.0,0.0,1888.0,3.39
JRASERVER,2010-Q4,556,0.0,0.0,2295.0,4.13
APSTUD,2011-Q3,555,0.0,0.0,2062.0,3.72
MDL,2009-Q2,550,0.0,0.0,1274.0,2.32
CONFSERVER,2007-Q4,547,0.0,0.0,1946.0,3.56
CONFSERVER,2015-Q1,543,46.0,0.0847,1863.0,3.43
MDL,2017-Q3,543,22.0,0.0405,4751.0,8.75
CONFSERVER,2018-Q1,542,33.0,0.0609,2185.0,4.03
FAB,2019-Q4,539,119.0,0.2208,2046.0,3.8
EVG,2018-Q1,533,0.0,0.0,1579.0,2.96
JSWSERVER,2012-Q4,530,211.0,0.3981,2701.0,5.1
JRASERVER,2005-Q3,528,0.0,0.0,1553.0,2.94
MULE,2017-Q3,528,394.0,0.7462,1386.0,2.63
NEXUS,2008-Q3,527,0.0,0.0,1269.0,2.41
JRASERVER,2012-Q4,526,0.0,0.0,2415.0,4.59
MDL,2019-Q4,526,81.0,0.154,4055.0,7.71
CONFSERVER,2010-Q4,524,0.0,0.0,1424.0,2.72
MDL,2009-Q4,521,0.0,0.0,1129.0,2.17
MDL,2011-Q2,519,0.0,0.0,2284.0,4.4
EVG,2018-Q2,517,0.0,0.0,1535.0,2.97
SERVER,2012-Q2,517,0.0,0.0,1203.0,2.33
CONFSERVER,2012-Q4,516,37.0,0.0717,1725.0,3.34
CONFSERVER,2008-Q3,514,0.0,0.0,1903.0,3.7
TIMOB,2017-Q3,514,179.0,0.3482,1574.0,3.06
JRASERVER,2004-Q3,512,0.0,0.0,1643.0,3.21
CONFSERVER,2010-Q2,510,0.0,0.0,1737.0,3.41
JSWSERVER,2014-Q1,510,9.0,0.0176,1741.0,3.41
MDL,2019-Q1,509,0.0,0.0,4194.0,8.24
JSWSERVER,2013-Q4,506,16.0,0.0316,1794.0,3.55
JRASERVER,2011-Q3,505,0.0,0.0,2497.0,4.94
MDL,2019-Q3,495,74.0,0.1495,4137.0,8.36
SERVER,2012-Q1,491,0.0,0.0,1067.0,2.17
DNN,2017-Q1,487,0.0,0.0,1647.0,3.38
CONFSERVER,2005-Q4,485,0.0,0.0,1168.0,2.41
CONFSERVER,2009-Q4,482,0.0,0.0,1559.0,3.23
CONFSERVER,2011-Q4,479,0.0,0.0,1523.0,3.18
CONFSERVER,2011-Q2,479,0.0,0.0,1220.0,2.55
JRASERVER,2006-Q1,479,0.0,0.0,1496.0,3.12
TISTUD,2013-Q2,479,0.0,0.0,2228.0,4.65
TISTUD,2012-Q4,479,1.0,0.0021,2177.0,4.54
CONFSERVER,2011-Q1,476,0.0,0.0,1222.0,2.57
JSWSERVER,2018-Q1,476,0.0,0.0,1484.0,3.12
CONFSERVER,2015-Q4,475,26.0,0.0547,1622.0,3.41
DM,2015-Q4,475,125.0,0.2632,1051.0,2.21
EVG,2019-Q2,474,0.0,0.0,1586.0,3.35
APSTUD,2012-Q2,471,0.0,0.0,1411.0,3.0
JSWCLOUD,2013-Q2,470,236.0,0.5021,2658.0,5.66
MDL,2018-Q3,469,19.0,0.0405,3876.0,8.26
CONFSERVER,2015-Q2,467,43.0,0.0921,1737.0,3.72
DM,2015-Q1,465,206.0,0.443,1051.0,2.26
EVG,2019-Q4,465,0.0,0.0,1591.0,3.42
JRASERVER,2014-Q2,463,0.0,0.0,1870.0,4.04
SERVER,2011-Q3,461,0.0,0.0,894.0,1.94
JSWSERVER,2013-Q1,455,174.0,0.3824,2442.0,5.37
BAM,2020-Q1,451,0.0,0.0,1672.0,3.71
NEXUS,2009-Q3,451,0.0,0.0,1214.0,2.69
JSWSERVER,2013-Q2,450,141.0,0.3133,2223.0,4.94
MDL,2020-Q1,444,58.0,0.1306,3731.0,8.4
JRACLOUD,2019-Q2,443,0.0,0.0,1191.0,2.69
TIMOB,2011-Q3,441,0.0,0.0,1179.0,2.67
EVG,2019-Q1,440,0.0,0.0,1414.0,3.21
JRASERVER,2018-Q2,440,1.0,0.0023,1376.0,3.13
JRASERVER,2005-Q1,438,0.0,0.0,1393.0,3.18
CONFSERVER,2012-Q2,437,20.0,0.0458,1331.0,3.05
SERVER,2020-Q4,434,0.0,0.0,2120.0,4.88
EVG,2019-Q3,432,0.0,0.0,1390.0,3.22
JRASERVER,2010-Q3,427,0.0,0.0,1567.0,3.67
XD,2014-Q2,427,317.0,0.7424,788.0,1.85
MESOS,2016-Q2,425,194.0,0.4565,1428.0,3.36
JRASERVER,2009-Q2,422,0.0,0.0,1645.0,3.9
JSWSERVER,2019-Q3,421,0.0,0.0,827.0,1.96
JSWCLOUD,2014-Q1,420,2.0,0.0048,1510.0,3.6
TIMOB,2014-Q2,418,160.0,0.3828,1946.0,4.66
TIMOB,2014-Q1,417,1.0,0.0024,1692.0,4.06
CONFSERVER,2010-Q1,416,0.0,0.0,1466.0,3.52
JRASERVER,2015-Q1,409,12.0,0.0293,1556.0,3.8
MDL,2010-Q1,407,0.0,0.0,876.0,2.15
SERVER,2011-Q4,405,0.0,0.0,841.0,2.08
DNN,2015-Q1,401,0.0,0.0,1598.0,3.99
NEXUS,2009-Q1,401,0.0,0.0,879.0,2.19
BAM,2011-Q1,400,0.0,0.0,1331.0,3.33
JRASERVER,2011-Q2,400,0.0,0.0,1933.0,4.83
JRASERVER,2015-Q4,399,58.0,0.1454,1511.0,3.79
JSWCLOUD,2013-Q4,398,7.0,0.0176,1536.0,3.86
CONFSERVER,2008-Q4,395,0.0,0.0,1329.0,3.36
DM,2015-Q2,395,181.0,0.4582,971.0,2.46
MDL,2018-Q1,391,0.0,0.0,2993.0,7.65
XD,2013-Q3,391,302.0,0.7724,710.0,1.82
CONFCLOUD,2020-Q1,389,10.0,0.0257,1533.0,3.94
JSWCLOUD,2013-Q1,388,234.0,0.6031,2484.0,6.4
JRASERVER,2011-Q4,387,0.0,0.0,1776.0,4.59
FAB,2016-Q4,386,262.0,0.6788,1193.0,3.09
FE,2018-Q4,386,13.0,0.0337,940.0,2.44
EVG,2017-Q4,385,0.0,0.0,1079.0,2.8
TISTUD,2013-Q4,385,184.0,0.4779,1579.0,4.1
APSTUD,2012-Q1,384,0.0,0.0,1261.0,3.28
CONFSERVER,2009-Q2,384,0.0,0.0,1216.0,3.17
JRASERVER,2012-Q1,384,0.0,0.0,1812.0,4.72
NEXUS,2015-Q2,383,183.0,0.4778,1446.0,3.78
NEXUS,2008-Q4,383,0.0,0.0,770.0,2.01
JRACLOUD,2017-Q2,382,14.0,0.0366,1048.0,2.74
JSWSERVER,2012-Q3,382,134.0,0.3508,1854.0,4.85
TIMOB,2015-Q2,380,209.0,0.55,1265.0,3.33
JRASERVER,2009-Q1,378,0.0,0.0,1491.0,3.94
JRASERVER,2016-Q1,377,31.0,0.0822,1583.0,4.2
JSWSERVER,2014-Q2,376,8.0,0.0213,1206.0,3.21
TIMOB,2014-Q3,375,172.0,0.4587,1783.0,4.75
EVG,2018-Q4,374,0.0,0.0,1197.0,3.2
JRASERVER,2012-Q2,373,0.0,0.0,1939.0,5.2
EVG,2017-Q3,372,0.0,0.0,1111.0,2.99
JRASERVER,2014-Q3,370,0.0,0.0,1694.0,4.58
JSWCLOUD,2012-Q4,370,182.0,0.4919,2192.0,5.92
SERVER,2011-Q1,369,0.0,0.0,713.0,1.93
CONFSERVER,2009-Q1,366,0.0,0.0,1122.0,3.07
CONFSERVER,2008-Q2,362,0.0,0.0,1248.0,3.45
JRASERVER,2006-Q4,362,0.0,0.0,1167.0,3.22
JSWSERVER,2016-Q1,361,0.0,0.0,1158.0,3.21
NEXUS,2013-Q3,358,57.0,0.1592,1097.0,3.06
JSWSERVER,2011-Q2,353,0.0,0.0,1666.0,4.72
SERVER,2010-Q3,353,0.0,0.0,719.0,2.04
FE,2009-Q1,351,0.0,0.0,1746.0,4.97
TIMOB,2015-Q3,351,280.0,0.7977,1362.0,3.88
MESOS,2016-Q3,349,127.0,0.3639,1080.0,3.09
CLOV,2019-Q3,345,9.0,0.0261,859.0,2.49
MULE,2008-Q4,344,0.0,0.0,797.0,2.32
CONFCLOUD,2020-Q3,338,11.0,0.0325,1237.0,3.66
JRASERVER,2005-Q2,337,0.0,0.0,947.0,2.81
XD,2014-Q1,336,177.0,0.5268,546.0,1.63
CONFSERVER,2005-Q3,335,0.0,0.0,802.0,2.39
FE,2009-Q2,335,0.0,0.0,1341.0,4.0
JRASERVER,2008-Q4,335,0.0,0.0,1269.0,3.79
MULE,2016-Q4,334,240.0,0.7186,848.0,2.54
DNN,2014-Q2,332,0.0,0.0,1219.0,3.67
MULE,2007-Q4,330,0.0,0.0,938.0,2.84
TIMOB,2015-Q1,330,188.0,0.5697,1189.0,3.6
CONFSERVER,2007-Q2,326,0.0,0.0,782.0,2.4
CONFSERVER,2006-Q1,325,0.0,0.0,775.0,2.38
TIMOB,2015-Q4,325,231.0,0.7108,1269.0,3.9
DNN,2016-Q1,324,0.0,0.0,1324.0,4.09
CONFSERVER,2004-Q4,323,0.0,0.0,899.0,2.78
FAB,2020-Q2,323,90.0,0.2786,1012.0,3.13
CONFSERVER,2007-Q3,320,0.0,0.0,842.0,2.63
TIMOB,2020-Q1,320,99.0,0.3094,805.0,2.52
INDY,2019-Q4,318,83.0,0.261,547.0,1.72
DM,2014-Q4,317,139.0,0.4385,781.0,2.46
JRASERVER,2016-Q3,316,13.0,0.0411,1497.0,4.74
BAM,2011-Q2,315,0.0,0.0,1139.0,3.62
MULE,2017-Q4,313,242.0,0.7732,765.0,2.44
JRASERVER,2007-Q3,311,0.0,0.0,1110.0,3.57
JSWSERVER,2014-Q3,307,1.0,0.0033,996.0,3.24
TIMOB,2016-Q2,307,231.0,0.7524,1235.0,4.02
CONFSERVER,2006-Q3,306,0.0,0.0,757.0,2.47
SERVER,2011-Q2,303,0.0,0.0,628.0,2.07
JRASERVER,2004-Q4,302,0.0,0.0,942.0,3.12
JSWSERVER,2014-Q4,302,0.0,0.0,880.0,2.91
APSTUD,2011-Q4,300,0.0,0.0,1137.0,3.79
JRASERVER,2006-Q2,299,0.0,0.0,967.0,3.23
BAM,2011-Q3,298,0.0,0.0,997.0,3.35
JRASERVER,2007-Q4,298,0.0,0.0,1076.0,3.61
JRASERVER,2008-Q1,296,0.0,0.0,985.0,3.33
CONFCLOUD,2017-Q1,295,35.0,0.1186,1485.0,5.03
CONFSERVER,2010-Q3,295,0.0,0.0,897.0,3.04
BAM,2011-Q4,294,0.0,0.0,1000.0,3.4
MESOS,2016-Q4,294,90.0,0.3061,913.0,3.11
MESOS,2015-Q2,291,108.0,0.3711,863.0,2.97
BAM,2007-Q1,290,0.0,0.0,882.0,3.04
JSWCLOUD,2014-Q2,290,4.0,0.0138,976.0,3.37
JSWSERVER,2012-Q1,290,68.0,0.2345,1343.0,4.63
MESOS,2017-Q1,289,100.0,0.346,958.0,3.31
TIMOB,2017-Q4,287,146.0,0.5087,1066.0,3.71
TISTUD,2012-Q2,285,0.0,0.0,1287.0,4.52
JSWSERVER,2019-Q4,284,0.0,0.0,671.0,2.36
MESOS,2017-Q4,284,135.0,0.4754,944.0,3.32
CONFSERVER,2007-Q1,283,0.0,0.0,733.0,2.59
JRASERVER,2009-Q4,283,0.0,0.0,1110.0,3.92
MDL,2009-Q3,280,0.0,0.0,595.0,2.13
BAM,2009-Q4,278,0.0,0.0,1170.0,4.21
JRASERVER,2014-Q4,278,1.0,0.0036,1080.0,3.88
MULE,2007-Q3,278,0.0,0.0,815.0,2.93
MULE,2007-Q2,278,0.0,0.0,775.0,2.79
SERVER,2010-Q1,278,0.0,0.0,571.0,2.05
DNN,2017-Q3,277,0.0,0.0,1337.0,4.83
DNN,2015-Q2,277,0.0,0.0,1173.0,4.23
CONFSERVER,2008-Q1,275,0.0,0.0,958.0,3.48
JSWCLOUD,2016-Q1,275,0.0,0.0,772.0,2.81
MESOS,2014-Q2,275,109.0,0.3964,727.0,2.64
JSWCLOUD,2019-Q4,274,0.0,0.0,834.0,3.04
MULE,2008-Q1,274,0.0,0.0,631.0,2.3
BAM,2013-Q3,273,10.0,0.0366,649.0,2.38
TIMOB,2016-Q4,273,148.0,0.5421,1040.0,3.81
JSWSERVER,2012-Q2,271,143.0,0.5277,1361.0,5.02
NEXUS,2009-Q2,271,0.0,0.0,589.0,2.17
TIMOB,2018-Q3,271,182.0,0.6716,1031.0,3.8
DNN,2017-Q2,270,0.0,0.0,1074.0,3.98
MULE,2014-Q1,270,96.0,0.3556,493.0,1.83
CONFSERVER,2004-Q2,269,0.0,0.0,837.0,3.11
TISTUD,2013-Q3,268,120.0,0.4478,938.0,3.5
TISTUD,2013-Q1,265,0.0,0.0,1088.0,4.11
MESOS,2015-Q3,263,103.0,0.3916,969.0,3.68
JSWSERVER,2016-Q3,262,0.0,0.0,850.0,3.24
CONFSERVER,2006-Q2,261,0.0,0.0,681.0,2.61
JRASERVER,2008-Q3,261,0.0,0.0,932.0,3.57
DM,2020-Q4,260,81.0,0.3115,830.0,3.19
DNN,2017-Q4,260,0.0,0.0,1212.0,4.66
JSWCLOUD,2012-Q3,260,82.0,0.3154,1381.0,5.31
TISTUD,2012-Q3,260,0.0,0.0,1090.0,4.19
CONFSERVER,2009-Q3,259,0.0,0.0,825.0,3.19
TIMOB,2018-Q2,258,169.0,0.655,965.0,3.74
XD,2015-Q3,258,158.0,0.6124,656.0,2.54
JRACLOUD,2019-Q1,255,0.0,0.0,712.0,2.79
TIMOB,2016-Q1,255,175.0,0.6863,1048.0,4.11
BAM,2018-Q2,254,0.0,0.0,760.0,2.99
SERVER,2010-Q2,254,0.0,0.0,510.0,2.01
JRASERVER,2016-Q4,252,23.0,0.0913,990.0,3.93
JRASERVER,2007-Q1,252,0.0,0.0,807.0,3.2
TIMOB,2014-Q4,252,145.0,0.5754,1049.0,4.16
MESOS,2019-Q1,251,84.0,0.3347,721.0,2.87
XD,2015-Q1,251,181.0,0.7211,691.0,2.75
TIMOB,2018-Q4,250,137.0,0.548,842.0,3.37
TISTUD,2012-Q1,250,0.0,0.0,1012.0,4.05
SERVER,2010-Q4,248,0.0,0.0,478.0,1.93
BAM,2012-Q1,247,0.0,0.0,823.0,3.33
CONFCLOUD,2017-Q3,247,17.0,0.0688,1089.0,4.41
MESOS,2018-Q1,247,111.0,0.4494,863.0,3.49
JRACLOUD,2018-Q2,246,3.0,0.0122,718.0,2.92
NEXUS,2015-Q1,246,138.0,0.561,1017.0,4.13
COMPASS,2019-Q3,245,96.0,0.3918,545.0,2.22
XD,2015-Q4,243,86.0,0.3539,480.0,1.98
CONFSERVER,2004-Q3,242,0.0,0.0,746.0,3.08
MESOS,2016-Q1,242,81.0,0.3347,747.0,3.09
JSWCLOUD,2014-Q4,241,0.0,0.0,747.0,3.1
BAM,2017-Q1,239,0.0,0.0,815.0,3.41
BAM,2009-Q3,239,0.0,0.0,1058.0,4.43
XD,2014-Q4,239,201.0,0.841,438.0,1.83
ALOY,2012-Q3,238,0.0,0.0,687.0,2.89
JRASERVER,2008-Q2,237,0.0,0.0,900.0,3.8
JSWSERVER,2015-Q4,237,0.0,0.0,689.0,2.91
XD,2015-Q2,237,203.0,0.8565,682.0,2.88
XD,2013-Q4,237,160.0,0.6751,421.0,1.78
CONFSERVER,2005-Q1,234,0.0,0.0,644.0,2.75
TIMOB,2017-Q1,231,127.0,0.5498,968.0,4.19
CONFSERVER,2005-Q2,229,0.0,0.0,609.0,2.66
JSWCLOUD,2014-Q3,228,1.0,0.0044,762.0,3.34
EVG,2017-Q2,227,0.0,0.0,679.0,2.99
JRASERVER,2007-Q2,227,0.0,0.0,754.0,3.32
BAM,2010-Q4,224,0.0,0.0,737.0,3.29
CONFSERVER,2020-Q3,224,61.0,0.2723,1007.0,4.5
MULE,2014-Q4,224,120.0,0.5357,453.0,2.02
DM,2014-Q3,223,128.0,0.574,574.0,2.57
JRASERVER,2010-Q1,222,0.0,0.0,882.0,3.97
JRACLOUD,2018-Q1,221,23.0,0.1041,713.0,3.23
MESOS,2014-Q3,221,81.0,0.3665,677.0,3.06
MESOS,2017-Q2,220,54.0,0.2455,701.0,3.19
JSWSERVER,2009-Q3,217,0.0,0.0,908.0,4.18
STL,2017-Q4,217,176.0,0.8111,435.0,2.0
BAM,2017-Q2,216,1.0,0.0046,631.0,2.92
COMPASS,2018-Q2,216,150.0,0.6944,445.0,2.06
JRACLOUD,2018-Q3,216,0.0,0.0,659.0,3.05
JSWSERVER,2015-Q1,215,1.0,0.0047,605.0,2.81
TIMOB,2019-Q4,215,64.0,0.2977,676.0,3.14
JRASERVER,2016-Q2,214,34.0,0.1589,865.0,4.04
MESOS,2017-Q3,214,89.0,0.4159,693.0,3.24
MESOS,2014-Q4,214,113.0,0.528,742.0,3.47
CONFSERVER,2016-Q4,211,22.0,0.1043,1239.0,5.87
JSWSERVER,2011-Q3,211,0.0,0.0,1126.0,5.34
TIDOC,2012-Q1,209,0.0,0.0,631.0,3.02
DNN,2014-Q4,208,0.0,0.0,831.0,4.0
JRASERVER,2004-Q2,207,0.0,0.0,653.0,3.15
BAM,2014-Q1,206,8.0,0.0388,574.0,2.79
BAM,2009-Q2,204,0.0,0.0,943.0,4.62
JSWSERVER,2011-Q4,204,0.0,0.0,1039.0,5.09
XD,2013-Q2,204,182.0,0.8922,409.0,2.0
MULE,2018-Q1,202,154.0,0.7624,432.0,2.14
MULE,2019-Q2,201,32.0,0.1592,432.0,2.15
TISTUD,2014-Q2,201,153.0,0.7612,831.0,4.13
BAM,2009-Q1,200,0.0,0.0,745.0,3.73
JSWCLOUD,2015-Q2,200,0.0,0.0,594.0,2.97
JSWSERVER,2015-Q2,200,0.0,0.0,596.0,2.98
NEXUS,2009-Q4,200,0.0,0.0,571.0,2.86
BAM,2013-Q1,199,0.0,0.0,497.0,2.5
CONFCLOUD,2019-Q3,199,18.0,0.0905,799.0,4.02
BAM,2007-Q2,198,0.0,0.0,453.0,2.29
DNN,2014-Q3,197,0.0,0.0,678.0,3.44
EVG,2017-Q1,197,0.0,0.0,576.0,2.92
XD,2014-Q3,197,168.0,0.8528,411.0,2.09
JSWCLOUD,2012-Q1,196,36.0,0.1837,943.0,4.81
TIMOB,2018-Q1,195,141.0,0.7231,705.0,3.62
CONFCLOUD,2017-Q2,193,17.0,0.0881,948.0,4.91
JSWCLOUD,2015-Q1,193,1.0,0.0052,549.0,2.84
MULE,2018-Q2,193,35.0,0.1813,399.0,2.07
MULE,2008-Q2,193,0.0,0.0,411.0,2.13
COMPASS,2019-Q1,191,114.0,0.5969,540.0,2.83
CONFSERVER,2017-Q2,191,27.0,0.1414,903.0,4.73
TISTUD,2011-Q4,191,0.0,0.0,621.0,3.25
BAM,2010-Q1,188,0.0,0.0,716.0,3.81
STL,2017-Q2,188,163.0,0.867,399.0,2.12
TISTUD,2014-Q3,188,126.0,0.6702,821.0,4.37
BAM,2012-Q4,187,0.0,0.0,514.0,2.75
CONFSERVER,2006-Q4,187,0.0,0.0,441.0,2.36
BAM,2006-Q4,186,0.0,0.0,447.0,2.4
MESOS,2018-Q2,186,81.0,0.4355,663.0,3.56
JSWSERVER,2015-Q3,184,1.0,0.0054,566.0,3.08
FE,2010-Q4,183,0.0,0.0,915.0,5.0
TISTUD,2015-Q2,183,112.0,0.612,683.0,3.73
BAM,2012-Q3,182,0.0,0.0,429.0,2.36
EVG,2016-Q3,182,0.0,0.0,458.0,2.52
JRACLOUD,2017-Q4,182,18.0,0.0989,537.0,2.95
MESOS,2013-Q2,182,0.0,0.0,449.0,2.47
TIDOC,2014-Q3,182,144.0,0.7912,591.0,3.25
BAM,2010-Q2,181,0.0,0.0,607.0,3.35
TISTUD,2017-Q3,181,28.0,0.1547,294.0,1.62
TISTUD,2011-Q2,180,0.0,0.0,504.0,2.8
JSWCLOUD,2015-Q3,179,1.0,0.0056,534.0,2.98
FE,2010-Q3,178,0.0,0.0,647.0,3.63
MESOS,2015-Q1,177,76.0,0.4294,592.0,3.34
DM,2014-Q2,176,107.0,0.608,525.0,2.98
FE,2009-Q3,176,0.0,0.0,708.0,4.02
IS,2017-Q3,176,134.0,0.7614,479.0,2.72
NEXUS,2014-Q3,176,87.0,0.4943,696.0,3.95
NEXUS,2014-Q4,175,72.0,0.4114,633.0,3.62
JSWCLOUD,2012-Q2,174,95.0,0.546,993.0,5.71
TISTUD,2014-Q1,174,46.0,0.2644,593.0,3.41
JSWCLOUD,2015-Q4,173,0.0,0.0,492.0,2.84
MULE,2015-Q2,173,111.0,0.6416,358.0,2.07
JSWCLOUD,2011-Q4,171,0.0,0.0,780.0,4.56
TIMOB,2019-Q2,171,107.0,0.6257,657.0,3.84
MDL,2020-Q4,170,17.0,0.1,1262.0,7.42
MULE,2016-Q1,170,131.0,0.7706,495.0,2.91
NEXUS,2010-Q4,170,0.0,0.0,491.0,2.89
BAM,2015-Q2,169,0.0,0.0,382.0,2.26
CONFCLOUD,2018-Q4,167,0.0,0.0,610.0,3.65
MESOS,2018-Q3,167,85.0,0.509,594.0,3.56
JSWSERVER,2009-Q4,166,0.0,0.0,692.0,4.17
TIMOB,2019-Q1,166,93.0,0.5602,677.0,4.08
BAM,2015-Q4,165,0.0,0.0,496.0,3.01
EVG,2016-Q4,165,0.0,0.0,541.0,3.28
MULE,2014-Q3,164,61.0,0.372,333.0,2.03
BAM,2007-Q3,163,0.0,0.0,386.0,2.37
NEXUS,2012-Q1,163,0.0,0.0,709.0,4.35
BAM,2008-Q1,162,0.0,0.0,398.0,2.46
JRACLOUD,2017-Q3,162,7.0,0.0432,514.0,3.17
MESOS,2014-Q1,162,1.0,0.0062,351.0,2.17
NEXUS,2011-Q4,162,0.0,0.0,633.0,3.91
BAM,2012-Q2,161,0.0,0.0,430.0,2.67
STL,2018-Q3,161,138.0,0.8571,365.0,2.27
BAM,2014-Q2,160,1.0,0.0063,388.0,2.43
JSWCLOUD,2016-Q2,160,0.0,0.0,440.0,2.75
BAM,2014-Q4,159,4.0,0.0252,393.0,2.47
BAM,2008-Q4,159,0.0,0.0,500.0,3.14
CXX,2015-Q1,159,44.0,0.2767,463.0,2.91
JSWCLOUD,2016-Q3,159,0.0,0.0,335.0,2.11
BAM,2008-Q2,158,0.0,0.0,402.0,2.54
FE,2012-Q3,158,6.0,0.038,413.0,2.61
JRACLOUD,2020-Q1,158,0.0,0.0,428.0,2.71
STL,2018-Q1,158,105.0,0.6646,320.0,2.03
COMPASS,2018-Q4,157,50.0,0.3185,362.0,2.31
BAM,2018-Q3,156,5.0,0.0321,547.0,3.51
CONFSERVER,2004-Q1,156,0.0,0.0,516.0,3.31
TIMOB,2019-Q3,156,78.0,0.5,567.0,3.63
CONFCLOUD,2016-Q4,155,46.0,0.2968,887.0,5.72
IS,2018-Q3,155,111.0,0.7161,458.0,2.95
NEXUS,2013-Q4,155,92.0,0.5935,653.0,4.21
SERVER,2009-Q4,155,0.0,0.0,321.0,2.07
USERGRID,2015-Q3,155,89.0,0.5742,401.0,2.59
USERGRID,2015-Q2,155,126.0,0.8129,467.0,3.01
CONFCLOUD,2018-Q3,153,1.0,0.0065,616.0,4.03
EVG,2016-Q1,153,0.0,0.0,400.0,2.61
EVG,2015-Q4,153,0.0,0.0,393.0,2.57
SERVER,2009-Q3,153,0.0,0.0,329.0,2.15
CONFCLOUD,2017-Q4,152,2.0,0.0132,601.0,3.95
FE,2010-Q1,152,0.0,0.0,418.0,2.75
BAM,2015-Q3,151,0.0,0.0,389.0,2.58
BAM,2013-Q4,151,10.0,0.0662,362.0,2.4
IS,2019-Q1,151,82.0,0.543,451.0,2.99
STL,2017-Q3,151,135.0,0.894,306.0,2.03
TISTUD,2011-Q1,151,0.0,0.0,365.0,2.42
CONFCLOUD,2016-Q3,150,57.0,0.38,826.0,5.51
MESOS,2015-Q4,150,16.0,0.1067,455.0,3.03
NEXUS,2018-Q2,150,1.0,0.0067,686.0,4.57
JSWCLOUD,2020-Q2,149,0.0,0.0,416.0,2.79
NEXUS,2015-Q3,149,72.0,0.4832,609.0,4.09
FE,2019-Q1,148,0.0,0.0,446.0,3.01
CWD,2013-Q3,147,53.0,0.3605,551.0,3.75
JSWSERVER,2010-Q2,147,0.0,0.0,606.0,4.12
MULE,2013-Q2,147,5.0,0.034,250.0,1.7
NEXUS,2019-Q1,147,0.0,0.0,655.0,4.46
BAM,2017-Q4,146,0.0,0.0,480.0,3.29
FAB,2020-Q3,146,26.0,0.1781,492.0,3.37
MULE,2015-Q1,146,89.0,0.6096,311.0,2.13
MESOS,2019-Q2,145,69.0,0.4759,510.0,3.52
MULE,2014-Q2,145,62.0,0.4276,284.0,1.96
BAM,2014-Q3,144,0.0,0.0,380.0,2.64
CONFCLOUD,2018-Q1,144,2.0,0.0139,629.0,4.37
NEXUS,2012-Q4,144,0.0,0.0,445.0,3.09
BAM,2016-Q4,143,0.0,0.0,522.0,3.65
JSWSERVER,2016-Q4,143,1.0,0.007,482.0,3.37
BAM,2017-Q3,142,0.0,0.0,456.0,3.21
CONFCLOUD,2019-Q2,142,6.0,0.0423,522.0,3.68
MULE,2010-Q4,142,0.0,0.0,229.0,1.61
NEXUS,2010-Q1,142,0.0,0.0,333.0,2.35
JSWCLOUD,2019-Q2,141,0.0,0.0,421.0,2.99
MULE,2009-Q1,141,0.0,0.0,234.0,1.66
CONFSERVER,2017-Q3,140,19.0,0.1357,604.0,4.31
MULE,2010-Q3,140,0.0,0.0,270.0,1.93
TIDOC,2012-Q2,140,0.0,0.0,388.0,2.77
BAM,2010-Q3,139,0.0,0.0,482.0,3.47
CWD,2013-Q2,139,37.0,0.2662,445.0,3.2
MULE,2008-Q3,139,0.0,0.0,276.0,1.99
JRASERVER,2017-Q1,138,22.0,0.1594,742.0,5.38
MULE,2007-Q1,138,0.0,0.0,307.0,2.22
CONFCLOUD,2016-Q2,137,22.0,0.1606,657.0,4.8
JSWCLOUD,2020-Q3,137,0.0,0.0,365.0,2.66
MULE,2015-Q3,137,61.0,0.4453,378.0,2.76
BE,2018-Q3,136,122.0,0.8971,380.0,2.79
NEXUS,2020-Q3,136,0.0,0.0,582.0,4.28
BAM,2016-Q1,135,0.0,0.0,446.0,3.3
CONFSERVER,2018-Q2,135,16.0,0.1185,632.0,4.68
CWD,2008-Q1,135,0.0,0.0,298.0,2.21
EVG,2015-Q3,135,0.0,0.0,448.0,3.32
NEXUS,2013-Q2,135,0.0,0.0,529.0,3.92
COMPASS,2020-Q1,134,64.0,0.4776,322.0,2.4
JAVA,2014-Q4,134,101.0,0.7537,466.0,3.48
JSWSERVER,2010-Q1,134,0.0,0.0,566.0,4.22
MESOS,2019-Q3,134,72.0,0.5373,451.0,3.37
NEXUS,2015-Q4,134,43.0,0.3209,421.0,3.14
NEXUS,2014-Q2,134,67.0,0.5,541.0,4.04
FE,2020-Q1,133,3.0,0.0226,428.0,3.22
JRASERVER,2020-Q1,133,0.0,0.0,379.0,2.85
JSWSERVER,2010-Q4,133,0.0,0.0,611.0,4.59
MULE,2006-Q4,133,0.0,0.0,284.0,2.14
TISTUD,2014-Q4,133,101.0,0.7594,461.0,3.47
CWD,2013-Q1,132,43.0,0.3258,424.0,3.21
CWD,2010-Q4,132,0.0,0.0,384.0,2.91
IS,2019-Q3,132,86.0,0.6515,432.0,3.27
JRASERVER,2004-Q1,132,0.0,0.0,414.0,3.14
JSWSERVER,2010-Q3,132,0.0,0.0,580.0,4.39
USERGRID,2015-Q1,132,85.0,0.6439,382.0,2.89
FE,2016-Q1,131,7.0,0.0534,399.0,3.05
MESOS,2013-Q4,131,0.0,0.0,301.0,2.3
FAB,2016-Q3,130,67.0,0.5154,393.0,3.02
STL,2018-Q2,130,110.0,0.8462,284.0,2.18
BAM,2013-Q2,129,0.0,0.0,311.0,2.41
FE,2011-Q3,129,0.0,0.0,499.0,3.87
TIMOB,2020-Q3,129,79.0,0.6124,607.0,4.71
IS,2018-Q2,128,108.0,0.8438,499.0,3.9
JAVA,2017-Q4,128,5.0,0.0391,367.0,2.87
JSWSERVER,2011-Q1,128,0.0,0.0,528.0,4.13
JSWSERVER,2009-Q1,128,0.0,0.0,562.0,4.39
JRACLOUD,2018-Q4,127,1.0,0.0079,391.0,3.08
JRACLOUD,2020-Q3,126,0.0,0.0,294.0,2.33
MULE,2009-Q2,126,0.0,0.0,259.0,2.06
NEXUS,2018-Q4,126,0.0,0.0,702.0,5.57
CONFCLOUD,2019-Q1,125,10.0,0.08,441.0,3.53
CWD,2011-Q1,125,0.0,0.0,497.0,3.98
NEXUS,2018-Q3,125,1.0,0.008,595.0,4.76
NEXUS,2011-Q2,125,0.0,0.0,473.0,3.78
MULE,2015-Q4,124,65.0,0.5242,350.0,2.82
BE,2018-Q2,123,104.0,0.8455,307.0,2.5
JAVA,2015-Q1,123,96.0,0.7805,420.0,3.41
JSWSERVER,2016-Q2,122,0.0,0.0,379.0,3.11
COMPASS,2019-Q4,121,65.0,0.5372,325.0,2.69
JAVA,2015-Q2,121,52.0,0.4298,305.0,2.52
MXNET,2018-Q3,121,10.0,0.0826,144.0,1.19
NEXUS,2014-Q1,121,50.0,0.4132,489.0,4.04
BAM,2016-Q2,120,0.0,0.0,401.0,3.34
CONFCLOUD,2016-Q1,120,26.0,0.2167,692.0,5.77
FE,2008-Q4,120,0.0,0.0,467.0,3.89
FE,2008-Q2,120,0.0,0.0,500.0,4.17
JRASERVER,2019-Q1,120,0.0,0.0,431.0,3.59
MULE,2012-Q2,120,0.0,0.0,221.0,1.84
BAM,2015-Q1,119,5.0,0.042,296.0,2.49
JRASERVER,2017-Q2,119,7.0,0.0588,604.0,5.08
COMPASS,2018-Q3,118,77.0,0.6525,342.0,2.9
MULE,2006-Q2,118,0.0,0.0,196.0,1.66
NEXUS,2016-Q1,118,46.0,0.3898,446.0,3.78
TIDOC,2014-Q4,118,88.0,0.7458,419.0,3.55
ALOY,2013-Q1,117,0.0,0.0,333.0,2.85
BAM,2008-Q3,117,0.0,0.0,267.0,2.28
JAVA,2018-Q4,117,0.0,0.0,380.0,3.25
JRASERVER,2017-Q3,117,17.0,0.1453,562.0,4.8
TISTUD,2011-Q3,117,0.0,0.0,445.0,3.8
ALOY,2012-Q4,116,0.0,0.0,227.0,1.96
CONFSERVER,2020-Q1,116,18.0,0.1552,488.0,4.21
EVG,2016-Q2,116,0.0,0.0,336.0,2.9
JSWCLOUD,2020-Q1,116,0.0,0.0,340.0,2.93
MESOS,2013-Q3,116,0.0,0.0,177.0,1.53
NEXUS,2013-Q1,116,0.0,0.0,357.0,3.08
TIDOC,2014-Q2,116,60.0,0.5172,397.0,3.42
JAVA,2019-Q4,115,0.0,0.0,453.0,3.94
TIMOB,2020-Q2,115,75.0,0.6522,531.0,4.62
JSWSERVER,2008-Q2,114,0.0,0.0,493.0,4.32
MULE,2011-Q4,114,0.0,0.0,245.0,2.15
NEXUS,2011-Q3,114,0.0,0.0,403.0,3.54
CXX,2015-Q4,113,104.0,0.9204,401.0,3.55
DAEMON,2017-Q4,113,105.0,0.9292,257.0,2.27
JAVA,2019-Q1,113,1.0,0.0088,443.0,3.92
TIDOC,2016-Q3,113,85.0,0.7522,288.0,2.55
BE,2019-Q2,112,89.0,0.7946,293.0,2.62
TIDOC,2017-Q4,112,68.0,0.6071,277.0,2.47
TIDOC,2013-Q3,112,0.0,0.0,330.0,2.95
TIDOC,2012-Q3,112,0.0,0.0,316.0,2.82
CXX,2016-Q4,111,66.0,0.5946,345.0,3.11
DNN,2018-Q1,111,0.0,0.0,493.0,4.44
JAVA,2014-Q3,111,80.0,0.7207,286.0,2.58
COMPASS,2019-Q2,110,63.0,0.5727,273.0,2.48
JRACLOUD,2020-Q2,110,0.0,0.0,272.0,2.47
JRACLOUD,2013-Q2,110,0.0,0.0,454.0,4.13
CONFCLOUD,2020-Q2,109,3.0,0.0275,384.0,3.52
JRACLOUD,2020-Q4,109,0.0,0.0,274.0,2.51
TIDOC,2013-Q4,109,0.0,0.0,364.0,3.34
CWD,2011-Q3,108,0.0,0.0,410.0,3.8
IS,2019-Q4,108,47.0,0.4352,299.0,2.77
IS,2018-Q4,108,90.0,0.8333,360.0,3.33
JAVA,2018-Q1,108,5.0,0.0463,318.0,2.94
TIDOC,2015-Q1,108,80.0,0.7407,299.0,2.77
NEXUS,2020-Q2,107,0.0,0.0,426.0,3.98
CXX,2014-Q2,106,0.0,0.0,382.0,3.6
CXX,2014-Q1,106,0.0,0.0,352.0,3.32
JAVA,2020-Q1,106,0.0,0.0,484.0,4.57
JAVA,2014-Q2,106,79.0,0.7453,326.0,3.08
NEXUS,2016-Q2,106,25.0,0.2358,380.0,3.58
MULE,2006-Q3,105,0.0,0.0,216.0,2.06
NEXUS,2011-Q1,105,0.0,0.0,368.0,3.5
BAM,2016-Q3,104,0.0,0.0,463.0,4.45
BAM,2007-Q4,104,0.0,0.0,240.0,2.31
JAVA,2015-Q4,104,52.0,0.5,298.0,2.87
NEXUS,2017-Q1,104,64.0,0.6154,536.0,5.15
JAVA,2016-Q4,103,46.0,0.4466,277.0,2.69
APIKIT,2017-Q4,102,68.0,0.6667,291.0,2.85
CLOV,2010-Q1,102,0.0,0.0,343.0,3.36
INDY,2019-Q2,102,66.0,0.6471,307.0,3.01
NEXUS,2019-Q3,102,2.0,0.0196,536.0,5.25
CLOV,2015-Q3,101,7.0,0.0693,272.0,2.69
JAVA,2019-Q3,101,0.0,0.0,433.0,4.29
JAVA,2013-Q4,101,11.0,0.1089,358.0,3.54
MULE,2012-Q1,101,0.0,0.0,194.0,1.92
FE,2011-Q1,100,0.0,0.0,421.0,4.21
NEXUS,2012-Q2,100,0.0,0.0,419.0,4.19
JRACLOUD,2015-Q3,99,0.0,0.0,331.0,3.34
JSWCLOUD,2017-Q2,99,1.0,0.0101,321.0,3.24
TISTUD,2015-Q4,99,54.0,0.5455,341.0,3.44
TISTUD,2015-Q1,99,56.0,0.5657,307.0,3.1
ALOY,2014-Q3,98,62.0,0.6327,450.0,4.59
CXX,2017-Q2,98,38.0,0.3878,344.0,3.51
FE,2010-Q2,98,0.0,0.0,398.0,4.06
NEXUS,2017-Q2,98,31.0,0.3163,432.0,4.41
CONFCLOUD,2018-Q2,97,2.0,0.0206,467.0,4.81
JAVA,2014-Q1,97,33.0,0.3402,314.0,3.24
MULE,2009-Q4,97,0.0,0.0,162.0,1.67
CWD,2008-Q2,96,0.0,0.0,215.0,2.24
CWD,2007-Q4,96,0.0,0.0,228.0,2.38
JAVA,2020-Q2,95,1.0,0.0105,352.0,3.71
MULE,2013-Q4,95,29.0,0.3053,230.0,2.42
MULE,2013-Q1,95,19.0,0.2,224.0,2.36
MULE,2010-Q1,95,0.0,0.0,159.0,1.67
CXX,2016-Q1,94,75.0,0.7979,332.0,3.53
EVG,2020-Q4,94,0.0,0.0,322.0,3.43
JSWSERVER,2009-Q2,94,0.0,0.0,423.0,4.5
TIDOC,2013-Q1,94,0.0,0.0,333.0,3.54
JAVA,2016-Q3,93,47.0,0.5054,282.0,3.03
JSWCLOUD,2019-Q3,93,0.0,0.0,281.0,3.02
NEXUS,2020-Q1,93,0.0,0.0,356.0,3.83
FE,2011-Q2,92,0.0,0.0,375.0,4.08
JRASERVER,2020-Q3,92,0.0,0.0,338.0,3.67
MULE,2011-Q1,92,0.0,0.0,144.0,1.57
NEXUS,2019-Q2,92,0.0,0.0,473.0,5.14
JAVA,2013-Q3,91,0.0,0.0,263.0,2.89
JRASERVER,2018-Q4,91,0.0,0.0,302.0,3.32
USERGRID,2016-Q1,91,43.0,0.4725,233.0,2.56
CWD,2007-Q1,90,0.0,0.0,279.0,3.1
DNN,2016-Q2,90,0.0,0.0,347.0,3.86
FE,2008-Q3,90,0.0,0.0,388.0,4.31
TIDOC,2012-Q4,90,0.0,0.0,267.0,2.97
CWD,2014-Q4,89,1.0,0.0112,253.0,2.84
STL,2019-Q2,89,10.0,0.1124,284.0,3.19
JAVA,2019-Q2,88,0.0,0.0,330.0,3.75
JRASERVER,2020-Q2,88,0.0,0.0,232.0,2.64
SERVER,2009-Q2,88,0.0,0.0,195.0,2.22
TIDOC,2014-Q1,88,0.0,0.0,342.0,3.89
CONFSERVER,2019-Q4,87,14.0,0.1609,321.0,3.69
JSWCLOUD,2008-Q1,87,0.0,0.0,464.0,5.33
MULE,2011-Q3,87,0.0,0.0,150.0,1.72
NEXUS,2010-Q2,87,0.0,0.0,174.0,2.0
TIDOC,2016-Q4,87,66.0,0.7586,203.0,2.33
CLI,2015-Q2,86,50.0,0.5814,297.0,3.45
CONFSERVER,2020-Q2,86,21.0,0.2442,431.0,5.01
DURACLOUD,2018-Q1,86,2.0,0.0233,176.0,2.05
FE,2012-Q4,86,7.0,0.0814,344.0,4.0
JRACLOUD,2017-Q1,86,0.0,0.0,357.0,4.15
JSWSERVER,2008-Q4,86,0.0,0.0,366.0,4.26
MULE,2005-Q4,86,0.0,0.0,140.0,1.63
NEXUS,2017-Q4,86,6.0,0.0698,389.0,4.52
TIDOC,2017-Q3,86,57.0,0.6628,249.0,2.9
JAVA,2015-Q3,85,53.0,0.6235,265.0,3.12
JRASERVER,2019-Q2,85,0.0,0.0,278.0,3.27
ALOY,2014-Q2,84,43.0,0.5119,315.0,3.75
CWD,2009-Q2,84,0.0,0.0,221.0,2.63
MULE,2013-Q3,84,28.0,0.3333,221.0,2.63
MULE,2005-Q1,84,0.0,0.0,115.0,1.37
APSTUD,2012-Q4,83,0.0,0.0,295.0,3.55
BAM,2020-Q3,83,0.0,0.0,336.0,4.05
MXNET,2018-Q2,83,16.0,0.1928,105.0,1.27
TIDOC,2017-Q2,83,65.0,0.7831,230.0,2.77
CLOV,2009-Q3,82,0.0,0.0,322.0,3.93
CWD,2012-Q4,82,12.0,0.1463,259.0,3.16
CXX,2020-Q3,82,0.0,0.0,287.0,3.5
BAM,2019-Q3,81,0.0,0.0,318.0,3.93
CWD,2007-Q2,81,0.0,0.0,179.0,2.21
IS,2017-Q4,81,72.0,0.8889,302.0,3.73
JRASERVER,2018-Q3,81,0.0,0.0,318.0,3.93
NEXUS,2017-Q3,81,16.0,0.1975,421.0,5.2
FE,2014-Q1,80,5.0,0.0625,268.0,3.35
JAVA,2020-Q3,80,0.0,0.0,313.0,3.91
JSWCLOUD,2017-Q3,80,7.0,0.0875,269.0,3.36
ALOY,2013-Q3,79,3.0,0.038,277.0,3.51
ALOY,2013-Q2,79,0.0,0.0,218.0,2.76
CWD,2008-Q3,79,0.0,0.0,171.0,2.16
FE,2011-Q4,79,0.0,0.0,360.0,4.56
JAVA,2017-Q2,79,42.0,0.5316,209.0,2.65
JAVA,2012-Q3,79,0.0,0.0,163.0,2.06
JSWCLOUD,2019-Q1,79,0.0,0.0,250.0,3.16
JSWSERVER,2008-Q1,79,0.0,0.0,344.0,4.35
MULE,2006-Q1,79,0.0,0.0,128.0,1.62
NEXUS,2018-Q1,79,1.0,0.0127,383.0,4.85
CLI,2017-Q3,78,37.0,0.4744,154.0,1.97
CWD,2016-Q2,78,0.0,0.0,219.0,2.81
CXX,2018-Q3,78,0.0,0.0,192.0,2.46
CXX,2014-Q3,78,0.0,0.0,305.0,3.91
FE,2012-Q1,78,0.0,0.0,332.0,4.26
JAVA,2018-Q2,78,2.0,0.0256,278.0,3.56
TIDOC,2015-Q2,78,59.0,0.7564,111.0,1.42
TIDOC,2011-Q4,78,0.0,0.0,222.0,2.85
CWD,2008-Q4,77,0.0,0.0,167.0,2.17
CXX,2017-Q1,77,42.0,0.5455,228.0,2.96
CXX,2014-Q4,77,3.0,0.039,289.0,3.75
MULE,2009-Q3,77,0.0,0.0,149.0,1.94
BAM,2019-Q1,76,0.0,0.0,290.0,3.82
FE,2012-Q2,76,0.0,0.0,330.0,4.34
JAVA,2018-Q3,76,1.0,0.0132,214.0,2.82
MULE,2018-Q3,76,44.0,0.5789,141.0,1.86
MULE,2012-Q3,76,4.0,0.0526,159.0,2.09
NEXUS,2016-Q4,76,35.0,0.4605,358.0,4.71
TIDOC,2013-Q2,76,0.0,0.0,247.0,3.25
CONFSERVER,2019-Q1,75,23.0,0.3067,349.0,4.65
CXX,2020-Q2,75,0.0,0.0,221.0,2.95
ALOY,2014-Q1,74,3.0,0.0405,207.0,2.8
FE,2009-Q4,74,0.0,0.0,290.0,3.92
INDY,2019-Q3,74,55.0,0.7432,230.0,3.11
JSWSERVER,2008-Q3,74,0.0,0.0,331.0,4.47
JAVA,2013-Q2,73,0.0,0.0,115.0,1.58
MULE,2011-Q2,73,0.0,0.0,140.0,1.92
NEXUS,2019-Q4,73,3.0,0.0411,385.0,5.27
CLOV,2009-Q2,72,0.0,0.0,294.0,4.08
IS,2017-Q2,72,0.0,0.0,90.0,1.25
TIDOC,2018-Q2,72,36.0,0.5,193.0,2.68
CWD,2009-Q3,71,0.0,0.0,175.0,2.46
DURACLOUD,2010-Q3,71,0.0,0.0,122.0,1.72
MULE,2020-Q3,71,4.0,0.0563,100.0,1.41
NEXUS,2010-Q3,71,0.0,0.0,163.0,2.3
ALOY,2014-Q4,70,47.0,0.6714,314.0,4.49
FE,2016-Q2,70,3.0,0.0429,194.0,2.77
TIDOC,2019-Q2,70,32.0,0.4571,152.0,2.17
BE,2018-Q1,69,41.0,0.5942,137.0,1.99
CONFCLOUD,2015-Q2,69,15.0,0.2174,341.0,4.94
DURACLOUD,2011-Q3,69,0.0,0.0,172.0,2.49
IS,2018-Q1,69,65.0,0.942,269.0,3.9
COMPASS,2020-Q2,68,35.0,0.5147,135.0,1.99
CWD,2018-Q1,68,0.0,0.0,157.0,2.31
JAVA,2017-Q1,68,34.0,0.5,173.0,2.54
APIKIT,2018-Q1,67,58.0,0.8657,201.0,3.0
FE,2013-Q4,67,1.0,0.0149,217.0,3.24
FE,2013-Q3,67,2.0,0.0299,214.0,3.19
TIDOC,2017-Q1,67,54.0,0.806,191.0,2.85
CWD,2014-Q1,66,0.0,0.0,189.0,2.86
CXX,2018-Q2,66,0.0,0.0,259.0,3.92
FE,2015-Q3,66,9.0,0.1364,216.0,3.27
FE,2014-Q2,66,7.0,0.1061,263.0,3.98
USERGRID,2014-Q2,66,0.0,0.0,181.0,2.74
CWD,2014-Q2,65,0.0,0.0,198.0,3.05
CWD,2014-Q3,64,0.0,0.0,201.0,3.14
CWD,2007-Q3,64,0.0,0.0,139.0,2.17
JSWCLOUD,2017-Q1,64,0.0,0.0,196.0,3.06
JSWCLOUD,2009-Q1,64,0.0,0.0,331.0,5.17
USERGRID,2015-Q4,64,51.0,0.7969,173.0,2.7
APIKIT,2013-Q4,63,40.0,0.6349,156.0,2.48
JAVA,2013-Q1,62,0.0,0.0,117.0,1.89
BAM,2018-Q4,61,0.0,0.0,211.0,3.46
COMPASS,2020-Q3,61,43.0,0.7049,194.0,3.18
CWD,2017-Q4,61,0.0,0.0,175.0,2.87
MESOS,2020-Q1,61,28.0,0.459,219.0,3.59
MULE,2019-Q1,61,8.0,0.1311,127.0,2.08
APIKIT,2018-Q3,60,49.0,0.8167,188.0,3.13
BE,2019-Q1,60,45.0,0.75,159.0,2.65
CXX,2016-Q3,60,24.0,0.4,164.0,2.73
JRACLOUD,2014-Q4,60,0.0,0.0,225.0,3.75
JRACLOUD,2014-Q1,60,0.0,0.0,189.0,3.15
CONFCLOUD,2015-Q3,59,17.0,0.2881,267.0,4.53
CWD,2011-Q2,58,0.0,0.0,196.0,3.38
DATACASS,2017-Q2,58,35.0,0.6034,182.0,3.14
FE,2015-Q1,58,9.0,0.1552,191.0,3.29
IS,2020-Q1,58,51.0,0.8793,217.0,3.74
JRACLOUD,2016-Q4,58,0.0,0.0,196.0,3.38
JSWCLOUD,2020-Q4,58,0.0,0.0,125.0,2.16
APIKIT,2017-Q3,57,26.0,0.4561,174.0,3.05
CLOV,2008-Q2,57,0.0,0.0,204.0,3.58
CLOV,2007-Q4,57,0.0,0.0,219.0,3.84
CWD,2015-Q2,57,1.0,0.0175,169.0,2.96
JSWCLOUD,2018-Q4,57,0.0,0.0,173.0,3.04
JSWSERVER,2017-Q1,57,1.0,0.0175,198.0,3.47
CWD,2012-Q3,56,0.0,0.0,192.0,3.43
EVG,2015-Q2,56,0.0,0.0,146.0,2.61
FE,2015-Q4,56,9.0,0.1607,181.0,3.23
FE,2013-Q2,56,2.0,0.0357,207.0,3.7
JRACLOUD,2016-Q1,56,0.0,0.0,242.0,4.32
JSWCLOUD,2017-Q4,56,2.0,0.0357,154.0,2.75
NEXUS,2016-Q3,56,22.0,0.3929,262.0,4.68
TISTUD,2017-Q4,56,43.0,0.7679,175.0,3.13
TISTUD,2016-Q2,56,37.0,0.6607,182.0,3.25
FE,2013-Q1,55,10.0,0.1818,224.0,4.07
JRACLOUD,2016-Q3,55,0.0,0.0,179.0,3.25
JRACLOUD,2016-Q2,55,0.0,0.0,186.0,3.38
TISTUD,2017-Q2,55,29.0,0.5273,208.0,3.78
BE,2020-Q3,54,17.0,0.3148,105.0,1.94
JAVA,2010-Q4,54,0.0,0.0,129.0,2.39
JRACLOUD,2013-Q3,54,0.0,0.0,172.0,3.19
CONFCLOUD,2015-Q4,53,13.0,0.2453,269.0,5.08
CONFCLOUD,2014-Q4,53,10.0,0.1887,272.0,5.13
CONFSERVER,2019-Q2,53,7.0,0.1321,222.0,4.19
CWD,2009-Q1,53,0.0,0.0,115.0,2.17
JSWCLOUD,2008-Q2,53,0.0,0.0,293.0,5.53
JSWSERVER,2007-Q4,53,0.0,0.0,233.0,4.4
MULE,2010-Q2,53,0.0,0.0,108.0,2.04
MULE,2005-Q2,53,0.0,0.0,103.0,1.94
CXX,2020-Q1,52,0.0,0.0,180.0,3.46
JAVA,2016-Q2,52,26.0,0.5,164.0,3.15
MULE,2005-Q3,52,0.0,0.0,99.0,1.9
NEXUS,2008-Q2,52,0.0,0.0,105.0,2.02
TISTUD,2017-Q1,52,39.0,0.75,204.0,3.92
APIKIT,2013-Q3,51,26.0,0.5098,131.0,2.57
JSWCLOUD,2018-Q1,51,4.0,0.0784,173.0,3.39
TIDOC,2015-Q3,51,41.0,0.8039,81.0,1.59
CLOV,2014-Q1,50,13.0,0.26,176.0,3.52
CWD,2016-Q4,50,0.0,0.0,174.0,3.48
CWD,2015-Q1,50,0.0,0.0,141.0,2.82
CXX,2016-Q2,50,31.0,0.62,158.0,3.16
DATACASS,2014-Q1,50,22.0,0.44,194.0,3.88
DURACLOUD,2011-Q1,50,0.0,0.0,101.0,2.02
FE,2007-Q4,50,0.0,0.0,174.0,3.48
JSWCLOUD,2018-Q3,50,0.0,0.0,149.0,2.98
MULE,2004-Q3,50,0.0,0.0,73.0,1.46
TIDOC,2016-Q1,50,22.0,0.44,137.0,2.74
APSTUD,2013-Q2,49,0.0,0.0,127.0,2.59
CWD,2010-Q2,49,0.0,0.0,128.0,2.61
DATACASS,2020-Q1,49,15.0,0.3061,118.0,2.41
DM,2014-Q1,49,26.0,0.5306,128.0,2.61
JAVA,2016-Q1,49,20.0,0.4082,133.0,2.71
MESOS,2019-Q4,49,26.0,0.5306,164.0,3.35
TISTUD,2016-Q3,49,37.0,0.7551,157.0,3.2
TISTUD,2015-Q3,49,31.0,0.6327,171.0,3.49
BAM,2006-Q3,48,0.0,0.0,108.0,2.25
CWD,2019-Q1,48,0.0,0.0,113.0,2.35
DURACLOUD,2010-Q2,48,0.0,0.0,78.0,1.63
IS,2019-Q2,48,27.0,0.5625,147.0,3.06
TISTUD,2016-Q1,48,29.0,0.6042,145.0,3.02
CLOV,2009-Q4,47,0.0,0.0,157.0,3.34
FE,2014-Q4,47,4.0,0.0851,153.0,3.26
JAVA,2017-Q3,47,21.0,0.4468,175.0,3.72
JAVA,2011-Q1,47,0.0,0.0,106.0,2.26
JSWSERVER,2017-Q4,47,1.0,0.0213,162.0,3.45
CLOV,2009-Q1,46,0.0,0.0,183.0,3.98
JSWCLOUD,2007-Q4,46,0.0,0.0,256.0,5.57
MESOS,2012-Q1,46,0.0,0.0,91.0,1.98
ALOY,2013-Q4,45,6.0,0.1333,138.0,3.07
CONFCLOUD,2013-Q3,45,1.0,0.0222,189.0,4.2
CXX,2015-Q2,45,28.0,0.6222,154.0,3.42
JRACLOUD,2015-Q2,45,0.0,0.0,200.0,4.44
BE,2019-Q4,44,31.0,0.7045,120.0,2.73
CLI,2016-Q1,44,27.0,0.6136,158.0,3.59
CLOV,2008-Q4,44,0.0,0.0,185.0,4.2
CWD,2012-Q1,44,0.0,0.0,123.0,2.8
DURACLOUD,2012-Q1,44,0.0,0.0,96.0,2.18
FE,2018-Q3,44,1.0,0.0227,145.0,3.3
FE,2015-Q2,44,4.0,0.0909,119.0,2.7
TIDOC,2019-Q3,44,21.0,0.4773,104.0,2.36
CLI,2015-Q3,43,27.0,0.6279,152.0,3.53
CONFCLOUD,2015-Q1,43,7.0,0.1628,176.0,4.09
CWD,2020-Q2,43,0.0,0.0,127.0,2.95
CWD,2017-Q2,43,0.0,0.0,105.0,2.44
CWD,2013-Q4,43,3.0,0.0698,132.0,3.07
DATACASS,2017-Q3,43,29.0,0.6744,136.0,3.16
DATACASS,2016-Q4,43,25.0,0.5814,126.0,2.93
DNN,2016-Q3,43,0.0,0.0,131.0,3.05
JAVA,2011-Q4,43,0.0,0.0,93.0,2.16
BE,2020-Q2,42,6.0,0.1429,64.0,1.52
CLI,2015-Q4,42,25.0,0.5952,132.0,3.14
CONFCLOUD,2020-Q4,42,1.0,0.0238,147.0,3.5
CWD,2015-Q3,42,1.0,0.0238,122.0,2.9
DATACASS,2017-Q1,42,30.0,0.7143,115.0,2.74
JAVA,2011-Q2,42,0.0,0.0,90.0,2.14
JSWCLOUD,2018-Q2,42,1.0,0.0238,144.0,3.43
MXNET,2018-Q4,42,28.0,0.6667,54.0,1.29
DURACLOUD,2010-Q4,41,0.0,0.0,92.0,2.24
FAB,2020-Q4,41,9.0,0.2195,138.0,3.37
CLOV,2014-Q3,40,13.0,0.325,142.0,3.55
DATACASS,2016-Q3,40,32.0,0.8,136.0,3.4
DATACASS,2016-Q2,40,24.0,0.6,164.0,4.1
JSWCLOUD,2016-Q4,40,0.0,0.0,120.0,3.0
TIDOC,2018-Q3,40,20.0,0.5,114.0,2.85
CLI,2016-Q3,39,27.0,0.6923,126.0,3.23
CONFCLOUD,2014-Q3,39,1.0,0.0256,147.0,3.77
CXX,2017-Q3,39,1.0,0.0256,131.0,3.36
FE,2014-Q3,39,6.0,0.1538,144.0,3.69
JAVA,2012-Q2,39,0.0,0.0,94.0,2.41
APIKIT,2019-Q2,38,25.0,0.6579,87.0,2.29
APIKIT,2018-Q2,38,23.0,0.6053,105.0,2.76
APIKIT,2016-Q3,38,10.0,0.2632,105.0,2.76
CXX,2018-Q1,38,4.0,0.1053,115.0,3.03
FE,2016-Q3,38,7.0,0.1842,134.0,3.53
JSWCLOUD,2008-Q4,38,0.0,0.0,197.0,5.18
TIDOC,2015-Q4,38,15.0,0.3947,57.0,1.5
TISTUD,2018-Q1,38,23.0,0.6053,88.0,2.32
ALOY,2019-Q1,37,1.0,0.027,73.0,1.97
APIKIT,2015-Q4,37,23.0,0.6216,188.0,5.08
DATACASS,2019-Q2,37,12.0,0.3243,78.0,2.11
MXNET,2019-Q1,37,11.0,0.2973,37.0,1.0
CWD,2012-Q2,36,0.0,0.0,100.0,2.78
DATACASS,2018-Q2,36,20.0,0.5556,92.0,2.56
DURACLOUD,2010-Q1,36,0.0,0.0,69.0,1.92
JRACLOUD,2015-Q1,36,1.0,0.0278,126.0,3.5
JRACLOUD,2014-Q2,36,0.0,0.0,121.0,3.36
JRACLOUD,2013-Q4,36,0.0,0.0,125.0,3.47
MESOS,2020-Q3,36,1.0,0.0278,126.0,3.5
MESOS,2013-Q1,36,0.0,0.0,67.0,1.86
TISTUD,2018-Q3,36,23.0,0.6389,91.0,2.53
USERGRID,2014-Q4,36,6.0,0.1667,86.0,2.39
APIKIT,2019-Q1,35,31.0,0.8857,110.0,3.14
BE,2018-Q4,35,24.0,0.6857,103.0,2.94
CLI,2017-Q2,35,13.0,0.3714,88.0,2.51
CLOV,2012-Q2,35,0.0,0.0,143.0,4.09
CLOV,2008-Q1,35,0.0,0.0,147.0,4.2
CONFCLOUD,2013-Q4,35,4.0,0.1143,156.0,4.46
CWD,2017-Q3,35,0.0,0.0,79.0,2.26
CWD,2015-Q4,35,1.0,0.0286,110.0,3.14
CXX,2017-Q4,35,13.0,0.3714,88.0,2.51
JAVA,2010-Q3,35,0.0,0.0,81.0,2.31
JRACLOUD,2015-Q4,35,0.0,0.0,115.0,3.29
CLOV,2015-Q4,34,11.0,0.3235,100.0,2.94
CLOV,2008-Q3,34,0.0,0.0,105.0,3.09
DURACLOUD,2016-Q2,34,29.0,0.8529,63.0,1.85
INDY,2020-Q1,34,30.0,0.8824,118.0,3.47
JAVA,2009-Q3,34,0.0,0.0,72.0,2.12
TISTUD,2018-Q2,34,22.0,0.6471,139.0,4.09
APIKIT,2018-Q4,33,23.0,0.697,104.0,3.15
BAM,2019-Q4,33,0.0,0.0,90.0,2.73
CWD,2019-Q3,33,0.0,0.0,103.0,3.12
CWD,2016-Q3,33,0.0,0.0,98.0,2.97
CXX,2019-Q4,33,0.0,0.0,121.0,3.67
DATACASS,2019-Q1,33,25.0,0.7576,88.0,2.67
JAVA,2012-Q1,33,0.0,0.0,66.0,2.0
MULE,2012-Q4,33,0.0,0.0,70.0,2.12
TIDOC,2018-Q4,33,17.0,0.5152,94.0,2.85
CLOV,2013-Q2,32,18.0,0.5625,143.0,4.47
CONFCLOUD,2013-Q2,32,1.0,0.0313,112.0,3.5
DATACASS,2020-Q2,32,8.0,0.25,78.0,2.44
DURACLOUD,2011-Q4,32,0.0,0.0,81.0,2.53
JSWSERVER,2017-Q3,32,3.0,0.0938,117.0,3.66
MESOS,2020-Q2,32,5.0,0.1563,120.0,3.75
TIDOC,2018-Q1,32,9.0,0.2813,84.0,2.63
TISTUD,2016-Q4,32,21.0,0.6563,126.0,3.94
APSTUD,2013-Q4,31,1.0,0.0323,116.0,3.74
CWD,2006-Q4,31,0.0,0.0,108.0,3.48
CXX,2015-Q3,31,19.0,0.6129,94.0,3.03
DURACLOUD,2012-Q2,31,0.0,0.0,58.0,1.87
JSWCLOUD,2010-Q1,31,0.0,0.0,164.0,5.29
JSWSERVER,2020-Q1,31,0.0,0.0,86.0,2.77
TISTUD,2018-Q4,31,18.0,0.5806,86.0,2.77
JRACLOUD,2013-Q1,30,0.0,0.0,154.0,5.13
COMPASS,2020-Q4,29,11.0,0.3793,77.0,2.66
DAEMON,2018-Q1,29,22.0,0.7586,73.0,2.52
DURACLOUD,2017-Q3,29,2.0,0.069,61.0,2.1
JRACLOUD,2014-Q3,29,0.0,0.0,121.0,4.17
JSWSERVER,2018-Q2,29,0.0,0.0,118.0,4.07
TIDOC,2011-Q3,29,0.0,0.0,103.0,3.55
ALOY,2016-Q1,28,14.0,0.5,82.0,2.93
ALOY,2015-Q4,28,18.0,0.6429,97.0,3.46
CONFCLOUD,2014-Q2,28,1.0,0.0357,127.0,4.54
CWD,2017-Q1,28,0.0,0.0,75.0,2.68
DATACASS,2013-Q4,28,4.0,0.1429,115.0,4.11
DURACLOUD,2011-Q2,28,0.0,0.0,79.0,2.82
FE,2016-Q4,28,3.0,0.1071,87.0,3.11
JAVA,2009-Q4,28,0.0,0.0,55.0,1.96
APIKIT,2016-Q2,27,7.0,0.2593,62.0,2.3
CLOV,2014-Q4,27,9.0,0.3333,97.0,3.59
CWD,2016-Q1,27,1.0,0.037,80.0,2.96
CWD,2010-Q3,27,0.0,0.0,66.0,2.44
DATACASS,2019-Q3,27,13.0,0.4815,68.0,2.52
DATACASS,2018-Q1,27,19.0,0.7037,84.0,3.11
DATACASS,2014-Q3,27,6.0,0.2222,94.0,3.48
FE,2008-Q1,27,0.0,0.0,111.0,4.11
JSWCLOUD,2008-Q3,27,0.0,0.0,152.0,5.63
JSWSERVER,2019-Q2,27,0.0,0.0,90.0,3.33
STL,2019-Q3,27,0.0,0.0,108.0,4.0
USERGRID,2016-Q2,27,16.0,0.5926,62.0,2.3
CONFCLOUD,2014-Q1,26,0.0,0.0,121.0,4.65
DAEMON,2017-Q1,26,20.0,0.7692,50.0,1.92
FE,2020-Q2,26,1.0,0.0385,46.0,1.77
JAVA,2012-Q4,26,0.0,0.0,59.0,2.27
JSWSERVER,2020-Q2,26,0.0,0.0,96.0,3.69
ALOY,2015-Q1,25,12.0,0.48,62.0,2.48
APSTUD,2013-Q3,25,0.0,0.0,79.0,3.16
CLI,2017-Q4,25,13.0,0.52,89.0,3.56
CLOV,2012-Q4,25,11.0,0.44,101.0,4.04
CWD,2011-Q4,25,0.0,0.0,74.0,2.96
DATACASS,2020-Q3,25,6.0,0.24,59.0,2.36
FE,2018-Q1,25,0.0,0.0,69.0,2.76
JSWSERVER,2020-Q3,25,0.0,0.0,93.0,3.72
USERGRID,2014-Q3,25,0.0,0.0,63.0,2.52
ALOY,2018-Q1,24,10.0,0.4167,87.0,3.63
CWD,2009-Q4,24,0.0,0.0,60.0,2.5
DAEMON,2020-Q1,24,15.0,0.625,56.0,2.33
JAVA,2010-Q2,24,0.0,0.0,44.0,1.83
MULE,2004-Q2,24,0.0,0.0,32.0,1.33
USERGRID,2016-Q3,24,10.0,0.4167,53.0,2.21
APIKIT,2015-Q3,23,11.0,0.4783,67.0,2.91
CLI,2017-Q1,23,9.0,0.3913,76.0,3.3
CLOV,2012-Q3,23,13.0,0.5652,84.0,3.65
CWD,2019-Q2,23,0.0,0.0,46.0,2.0
CXX,2018-Q4,23,1.0,0.0435,65.0,2.83
DURACLOUD,2012-Q4,23,0.0,0.0,53.0,2.3
JSWSERVER,2018-Q4,23,0.0,0.0,91.0,3.96
MESOS,2011-Q4,23,0.0,0.0,37.0,1.61
NEXUS,2020-Q4,23,0.0,0.0,91.0,3.96
TIMOB,2020-Q4,23,13.0,0.5652,107.0,4.65
XD,2016-Q1,23,16.0,0.6957,59.0,2.57
APIKIT,2019-Q3,22,10.0,0.4545,41.0,1.86
APIKIT,2014-Q3,22,6.0,0.2727,38.0,1.73
CLOV,2016-Q1,22,17.0,0.7727,57.0,2.59
JSWSERVER,2017-Q2,22,0.0,0.0,84.0,3.82
APIKIT,2017-Q2,21,12.0,0.5714,72.0,3.43
APSTUD,2014-Q2,21,1.0,0.0476,29.0,1.38
CLI,2016-Q4,21,7.0,0.3333,70.0,3.33
CLOV,2014-Q2,21,14.0,0.6667,125.0,5.95
CLOV,2013-Q4,21,3.0,0.1429,96.0,4.57
CLOV,2013-Q1,21,13.0,0.619,93.0,4.43
DURACLOUD,2018-Q2,21,5.0,0.2381,36.0,1.71
DURACLOUD,2014-Q2,21,5.0,0.2381,35.0,1.67
JSWSERVER,2019-Q1,21,0.0,0.0,108.0,5.14
CLI,2016-Q2,20,14.0,0.7,79.0,3.95
MXNET,2018-Q1,20,3.0,0.15,25.0,1.25
APIKIT,2016-Q1,19,6.0,0.3158,65.0,3.42
APIKIT,2015-Q2,19,14.0,0.7368,47.0,2.47
APSTUD,2013-Q1,19,0.0,0.0,69.0,3.63
BE,2017-Q4,19,0.0,0.0,54.0,2.84
CLOV,2015-Q1,19,4.0,0.2105,60.0,3.16
CXX,2019-Q3,19,0.0,0.0,48.0,2.53
DATACASS,2018-Q3,19,6.0,0.3158,50.0,2.63
DURACLOUD,2016-Q3,19,6.0,0.3158,29.0,1.53
JAVA,2020-Q4,19,0.0,0.0,74.0,3.89
TIDOC,2016-Q2,19,7.0,0.3684,64.0,3.37
APSTUD,2014-Q1,18,0.0,0.0,45.0,2.5
BE,2019-Q3,18,12.0,0.6667,43.0,2.39
FE,2017-Q1,18,0.0,0.0,58.0,3.22
JRASERVER,2020-Q4,18,0.0,0.0,34.0,1.89
JSWCLOUD,2009-Q2,18,0.0,0.0,104.0,5.78
MESOS,2012-Q4,18,0.0,0.0,38.0,2.11
APIKIT,2016-Q4,17,13.0,0.7647,47.0,2.76
CWD,2020-Q3,17,0.0,0.0,68.0,4.0
CWD,2018-Q3,17,0.0,0.0,47.0,2.76
DAEMON,2017-Q2,17,10.0,0.5882,26.0,1.53
DURACLOUD,2016-Q1,17,2.0,0.1176,31.0,1.82
FE,2017-Q4,17,2.0,0.1176,50.0,2.94
FE,2017-Q3,17,2.0,0.1176,46.0,2.71
JAVA,2011-Q3,17,0.0,0.0,34.0,2.0
MULE,2004-Q4,17,0.0,0.0,19.0,1.12
ALOY,2019-Q2,16,2.0,0.125,84.0,5.25
APSTUD,2014-Q3,16,2.0,0.125,23.0,1.44
BAM,2006-Q2,16,0.0,0.0,32.0,2.0
CLI,2020-Q2,16,1.0,0.0625,16.0,1.0
CLI,2019-Q4,16,1.0,0.0625,56.0,3.5
CONFSERVER,2020-Q4,16,10.0,0.625,88.0,5.5
DURACLOUD,2013-Q3,16,11.0,0.6875,52.0,3.25
FE,2019-Q4,16,2.0,0.125,33.0,2.06
JAVA,2010-Q1,16,0.0,0.0,32.0,2.0
USERGRID,2014-Q1,16,0.0,0.0,38.0,2.38
ALOY,2017-Q2,15,5.0,0.3333,46.0,3.07
CLI,2019-Q3,15,6.0,0.4,50.0,3.33
CLI,2018-Q1,15,6.0,0.4,51.0,3.4
CLOV,2017-Q2,15,0.0,0.0,29.0,1.93
CLOV,2011-Q4,15,0.0,0.0,52.0,3.47
CONFCLOUD,2013-Q1,15,0.0,0.0,56.0,3.73
CWD,2018-Q2,15,0.0,0.0,53.0,3.53
CWD,2010-Q1,15,0.0,0.0,35.0,2.33
DATACASS,2017-Q4,15,6.0,0.4,41.0,2.73
DATACASS,2014-Q2,15,6.0,0.4,53.0,3.53
DURACLOUD,2013-Q2,15,2.0,0.1333,30.0,2.0
JSWSERVER,2018-Q3,15,0.0,0.0,48.0,3.2
ALOY,2017-Q1,14,4.0,0.2857,25.0,1.79
ALOY,2016-Q2,14,5.0,0.3571,42.0,3.0
CLOV,2015-Q2,14,2.0,0.1429,48.0,3.43
CLOV,2012-Q1,14,0.0,0.0,44.0,3.14
DATACASS,2018-Q4,14,3.0,0.2143,36.0,2.57
DURACLOUD,2015-Q2,14,7.0,0.5,28.0,2.0
FE,2019-Q3,14,2.0,0.1429,41.0,2.93
FE,2007-Q3,14,0.0,0.0,49.0,3.5
JRACLOUD,2012-Q4,14,0.0,0.0,95.0,6.79
JSWCLOUD,2011-Q2,14,0.0,0.0,83.0,5.93
MESOS,2012-Q2,14,0.0,0.0,30.0,2.14
TIDOC,2019-Q1,14,4.0,0.2857,43.0,3.07
ALOY,2015-Q3,13,8.0,0.6154,42.0,3.23
APIKIT,2020-Q1,13,0.0,0.0,17.0,1.31
BAM,2020-Q4,13,0.0,0.0,36.0,2.77
CWD,2020-Q1,13,0.0,0.0,37.0,2.85
DURACLOUD,2019-Q1,13,1.0,0.0769,29.0,2.23
DURACLOUD,2015-Q3,13,8.0,0.6154,22.0,1.69
DURACLOUD,2012-Q3,13,0.0,0.0,24.0,1.85
JRACLOUD,2012-Q3,13,0.0,0.0,92.0,7.08
MESOS,2012-Q3,13,0.0,0.0,20.0,1.54
STL,2018-Q4,13,0.0,0.0,18.0,1.38
APIKIT,2015-Q1,12,2.0,0.1667,27.0,2.25
CLI,2019-Q2,12,1.0,0.0833,46.0,3.83
CLOV,2013-Q3,12,8.0,0.6667,51.0,4.25
CXX,2019-Q1,12,0.0,0.0,23.0,1.92
DAEMON,2020-Q2,12,8.0,0.6667,25.0,2.08
DAEMON,2019-Q2,12,8.0,0.6667,25.0,2.08
DURACLOUD,2019-Q3,12,0.0,0.0,40.0,3.33
DURACLOUD,2013-Q1,12,0.0,0.0,32.0,2.67
TIDOC,2011-Q2,12,0.0,0.0,39.0,3.25
TISTUD,2019-Q4,12,3.0,0.25,33.0,2.75
ALOY,2020-Q3,11,1.0,0.0909,50.0,4.55
APIKIT,2017-Q1,11,7.0,0.6364,50.0,4.55
BE,2017-Q3,11,0.0,0.0,24.0,2.18
CLOV,2011-Q2,11,0.0,0.0,51.0,4.64
DURACLOUD,2016-Q4,11,0.0,0.0,21.0,1.91
DURACLOUD,2014-Q4,11,0.0,0.0,22.0,2.0
FE,2018-Q2,11,3.0,0.2727,30.0,2.73
ALOY,2019-Q4,10,0.0,0.0,40.0,4.0
ALOY,2017-Q3,10,5.0,0.5,30.0,3.0
ALOY,2015-Q2,10,4.0,0.4,25.0,2.5
APIKIT,2014-Q1,10,2.0,0.2,25.0,2.5
CLI,2019-Q1,10,1.0,0.1,20.0,2.0
CWD,2018-Q4,10,0.0,0.0,30.0,3.0
DAEMON,2019-Q3,10,5.0,0.5,26.0,2.6
DAEMON,2017-Q3,10,7.0,0.7,25.0,2.5
DURACLOUD,2017-Q2,10,4.0,0.4,20.0,2.0
FE,2017-Q2,10,1.0,0.1,47.0,4.7
TISTUD,2019-Q3,10,2.0,0.2,32.0,3.2
